코드,code,종목명,반도체,빅테크,Fintech,미국,한국,중국,World
AAPL,AAPL,애플,0,1,0,1,0,0,0
AMAT,AMAT,어플라이드 머티어리얼즈,1,0,0,1,0,0,0
AMD,AMD,AMD,1,0,0,1,0,0,0
AMZN,AMZN,아마존닷컴,0,1,0,1,0,0,0
ARKF,ARKF,ARK FINTECH INNOVATION,0,0,1,1,0,0,0
ARKW,ARKW,ARK NEXT GENERATION INTERNET,0,0,1,1,0,0,0
ASML,ASML,ASML 홀딩(ADR),1,0,0,0,0,0,0
AVGO,AVGO,브로드컴,1,0,0,1,0,0,0
BLOK,BLOK,블록체인 엠플리파이 ETF,0,0,1,1,0,0,0
BMNR,BMNR,비트마인 이머션 테크놀로지스,0,0,1,1,0,0,0
BRK.B,BRK.B,버크셔 해서웨이 B,0,0,1,1,0,0,0
COIN,COIN,코인베이스 글로벌,0,0,1,1,0,0,0
COST,COST,코스트코 홀세일,0,0,0,1,0,0,0
CRCL,CRCL,써클 인터넷 그룹,0,0,1,1,0,0,0
CURRENCY:BNBKRW,CURRENCY:BNBKRW,Binance coin,0,0,1,0,0,0,1
CURRENCY:BTCKRW,CURRENCY:BTCKRW,Bitcoin,0,0,1,0,0,0,1
CURRENCY:ETHKRW,CURRENCY:ETHKRW,Ethereum,0,0,1,0,0,0,1
CURRENCY:SOLKRW,CURRENCY:SOLKRW,Solana,0,0,1,0,0,0,1
CURRENCY:TRXKRW,CURRENCY:TRXKRW,tron,0,0,1,0,0,0,1
CURRENCY:XRPKRW,CURRENCY:XRPKRW,XRP,0,0,1,0,0,0,1
EBAY,EBAY,이베이,0,0,0,1,0,0,0
EEM,EEM,MSCI 신흥국 아이셰어즈 ETF,0,0,0,0,0,0,1
GOOGL,GOOGL,알파벳 A,0,1,0,1,0,0,0
HOOD,HOOD,로빈후드,0,0,1,1,0,0,0
IONQ,IONQ,아이온큐,0,0,0,1,0,0,0
ISRG,ISRG,인튜이티브 서지컬,0,0,0,1,0,0,0
ITA,ITA,항공우주 및 방산주 아이셰어즈 ETF,0,0,0,1,0,0,0
KOSDAQ:039030,KOSDAQ:039030,이오테크닉스,1,0,0,0,1,0,0
KOSDAQ:058470,KOSDAQ:058470,리노공업,1,0,0,0,1,0,0
KOSDAQ:108490,KOSDAQ:108490,로보티즈,0,0,0,0,1,0,0
KOSDAQ:122870,KOSDAQ:122870,와이지엔터테인먼트,0,0,0,0,1,0,0
KOSDAQ:226950,KOSDAQ:226950,올릭스,0,0,0,0,1,0,0
KOSDAQ:277810,KOSDAQ:277810,레인보우로보틱스,0,0,0,0,1,0,0
KOSDAQ:298380,KOSDAQ:298380,에이비엘바이오,0,0,0,0,1,0,0
KOSDAQ:347850,KOSDAQ:347850,디앤디파마텍,0,0,0,0,1,0,0
krx:,krx:,삼성 나스닥 100 TR ETN,0,0,0,1,0,0,0
krx:000270,krx:000270,기아,0,0,0,0,1,0,0
krx:000660,krx:000660,SK 하이닉스,1,0,0,0,1,0,0
krx:001440,krx:001440,대한전선,0,0,0,0,1,0,0
krx:0043Y0,krx:0043Y0,TIGER 차이나AI소프트웨어,0,0,0,0,0,1,0
krx:0047A0,krx:0047A0,TIGER 차이나테크TOP10,0,1,0,0,0,1,0
krx:0051A0,krx:0051A0,KOACT 브로드컴밸류체인액티브,1,0,0,1,0,0,0
krx:005380,krx:005380,현대차,0,0,0,1,0,0,0
krx:0053L0,krx:0053L0,TIGER 차이나휴머노이드로봇,0,0,0,0,0,1,0
krx:005930,krx:005930,삼성전자,1,0,0,0,1,0,0
krx:006260,krx:006260,LS,0,0,0,0,1,0,0
krx:006800,krx:006800,미래에셋증권,0,0,1,0,1,0,0
krx:0080Y0,krx:0080Y0,SOL 조선TOP3플러스레버리지,0,0,0,0,1,0,0
krx:0082V0,krx:0082V0,KODEX TDF2060액티브,0,0,0,0,0,0,1
krx:0093D0,krx:0093D0,KOACT 팔란티어밸류체인액티브,0,0,0,1,0,0,0
krx:009540,krx:009540,HD한국조선해양,0,0,0,0,1,0,0
krx:0100K0,krx:0100K0,KODEX 방산TOP10레버리지,0,0,0,0,1,0,0
krx:010120,krx:010120,LS ELECTRIC,0,0,0,0,1,0,0
krx:012450,krx:012450,한화에어로스페이스,0,0,0,0,1,0,0
krx:034020,krx:034020,두산에너빌리티,0,0,0,0,1,0,0
krx:035420,krx:035420,NAVER,0,0,0,0,1,0,0
krx:035720,krx:035720,카카오,0,0,0,0,1,0,0
krx:039490,krx:039490,키움증권,0,0,1,0,1,0,0
krx:042660,krx:042660,한화오션,0,0,0,0,1,0,0
krx:042700,krx:042700,한미반도체,1,0,0,0,1,0,0
krx:047810,krx:047810,한국항공우주,0,0,0,0,1,0,0
krx:064350,krx:064350,현대로템,0,0,0,0,1,0,0
krx:068270,krx:068270,셀트리온,0,0,0,0,1,0,0
krx:069500,krx:069500,KODEX 200,0,0,0,0,1,0,0
krx:071050,krx:071050,한국금융지주,0,0,1,0,1,0,0
krx:079550,krx:079550,LIG디펜스앤에어로스페이스,0,0,0,0,1,0,0
krx:082740,krx:082740,한화엔진,0,0,0,0,1,0,0
krx:091160,krx:091160,KODEX 반도체,1,0,0,0,1,0,0
krx:102970,krx:102970,KODEX 증권,0,0,1,0,1,0,0
krx:105010,krx:105010,TIGER 라틴35,0,0,0,0,0,0,1
krx:117690,krx:117690,TIGER 차이나항셍30,0,0,0,0,0,1,0
krx:122630,krx:122630,KODEX 레버리지,0,0,0,0,1,0,0
krx:133690,krx:133690,TIGER 미국나스닥100,0,0,0,1,0,0,0
krx:138040,krx:138040,메리츠금융지주,0,0,1,0,1,0,0
krx:139230,krx:139230,TIGER 200 중공업,0,0,0,0,1,0,0
krx:140910,krx:140910,에이리츠,0,0,0,0,1,0,0
krx:157500,krx:157500,TIGER 증권,0,0,1,0,1,0,0
krx:192090,krx:192090,TIGER 차이나CSI300,0,0,0,0,0,1,0
krx:203780,krx:203780,TIGER 미국나스닥바이오,0,0,0,1,0,0,0
krx:204210,krx:204210,스타에스엠리츠,0,0,0,0,1,0,0
krx:204480,krx:204480,TIGER 차이나CSI300레버리지(합성),0,0,0,0,0,1,0
krx:207940,krx:207940,삼성바이오로직스,0,0,0,0,1,0,0
krx:228810,krx:228810,TIGER 미디어컨텐츠,0,0,0,0,1,0,0
krx:228820,krx:228820,TIGER KTOP30,0,0,0,0,1,0,0
krx:229200,krx:229200,KODEX 코스닥150,0,0,0,0,1,0,0
krx:233740,krx:233740,KODEX 코스닥150레버리지,0,0,0,0,1,0,0
krx:243880,krx:243880,TIGER 200IT레버리지,0,0,0,0,1,0,0
krx:243890,krx:243890,TIGER 200에너지화학레버리지,0,0,0,0,1,0,0
krx:245350,krx:245350,TIGER 유로스탁스배당30,0,0,0,0,0,0,1
krx:251350,krx:251350,KODEX MSCI선진국,0,0,0,0,0,0,1
krx:256750,krx:256750,KODEX 차이나심천CHINEXT(합성),0,0,0,0,0,1,0
krx:259960,krx:259960,크래프톤,0,0,0,0,1,0,0
krx:267260,krx:267260,HD현대일렉트릭,0,0,0,0,1,0,0
krx:269540,krx:269540,PLUS 미국S&P500(H),0,0,0,1,0,0,0
krx:272210,krx:272210,한화시스템,0,0,0,0,1,0,0
krx:276000,krx:276000,TIGER 글로벌자원생산기업(합성 H),0,0,0,0,0,0,1
krx:278470,krx:278470,에이피알,0,0,0,0,1,0,0
krx:278530,krx:278530,KODEX 200TR,0,0,0,0,1,0,0
krx:283580,krx:283580,KODEX 차이나CSI300,0,0,0,0,0,1,0
krx:287180,krx:287180,PLUS 미국나스닥테크,0,0,0,1,0,0,0
krx:298040,krx:298040,효성중공업,0,0,0,0,1,0,0
krx:307950,krx:307950,현대오토에버,0,0,0,0,1,0,0
krx:309230,krx:309230,ACE 미국WIDEMOAT동일가중,0,0,0,1,0,0,0
krx:314250,krx:314250,KODEX 미국빅테크10(H),0,1,0,1,1,0,0
krx:315930,krx:315930,KODEX Top5PlusTR,0,0,0,0,1,0,0
krx:315960,krx:315960,RISE 대형고배당10TR,0,0,0,0,1,0,0
krx:329180,krx:329180,HD현대중공업,0,0,0,0,1,0,0
krx:352820,krx:352820,하이브,0,0,0,0,1,0,0
krx:363580,krx:363580,KODEX 200IT TR,0,0,0,0,1,0,0
krx:367380,krx:367380,ACE 미국나스닥100,0,0,0,1,0,0,0
krx:368590,krx:368590,RISE 미국나스닥100,0,0,0,1,0,0,0
krx:371160,krx:371160,TIGER 차이나항셍테크,0,0,0,0,0,1,0
krx:371460,krx:371460,TIGER 차이나전기차SOLACTIVE,0,0,0,0,0,1,0
krx:372330,krx:372330,KODEX 차이나항셍테크,0,0,0,0,0,1,0
krx:379800,krx:379800,KODEX 미국S&P500,0,0,0,1,0,0,0
krx:379810,krx:379810,KODEX 미국나스닥100,0,0,0,1,0,0,0
krx:381170,krx:381170,TIGER 미국테크TOP10 INDXX,0,1,0,1,0,0,0
krx:381180,krx:381180,TIGER 미국필라델피아반도체나스닥,1,0,0,1,0,0,0
krx:390390,krx:390390,KODEX 미국반도체,1,0,0,1,0,0,0
krx:396500,krx:396500,TIGER 반도체TOP10,1,0,0,0,1,0,0
krx:396520,krx:396520,TIGER 차이나반도체FACTSET,1,0,0,0,0,1,0
krx:407830,krx:407830,에셋플러스 글로벌플랫폼액티브,1,1,0,0,0,0,0
krx:414780,krx:414780,TIGER 차이나과창판STAR50(합성),0,0,0,0,0,1,0
krx:415920,krx:415920,PLUS 글로벌희토류&전략자원생산기업,0,0,0,0,0,0,1
krx:418660,krx:418660,TIGER 미국나스닥100레버리지(합성),0,0,0,1,0,0,0
krx:423920,krx:423920,TIGER 미국필라델피아반도체레버리지(합성),1,0,0,1,0,0,0
krx:426020,krx:426020,TIME 미국S&P500액티브,0,0,0,1,0,0,0
krx:426030,krx:426030,TIME 미국나스닥100액티브,0,1,0,1,0,0,0
krx:428510,krx:428510,KODEX 차이나AI테크액티브,0,0,0,0,0,1,0
krx:428560,krx:428560,KODEX 미국ETF산업TOP10 INDXX,0,0,0,1,0,0,0
krx:433880,krx:433880,PLUS TDF2060액티브,0,0,0,0,0,0,1
krx:434730,krx:434730,HANARO 원자력iSelect,0,0,0,0,1,0,0
krx:435040,krx:435040,ACE 글로벌브랜드TOP10,0,0,0,1,0,0,0
krx:438320,krx:438320,TIGER 차이나항셍테크레버리지(합성 H),0,0,0,0,0,1,0
krx:442320,krx:442320,RISE 글로벌원자력,0,0,0,0,0,0,1
krx:445290,krx:445290,KODEX 로봇액티브,0,0,0,0,1,0,0
krx:446770,krx:446770,ACE 글로벌반도체TOP4 PLUS,1,0,0,1,1,0,1
krx:449450,krx:449450,PLUS K방산,0,0,0,0,1,0,0
krx:453870,krx:453870,TIGER 인도니프티50,0,0,0,0,0,0,1
krx:453950,krx:453950,TIGER TSMC파운드리밸류체인,1,0,0,0,0,1,0
krx:454910,krx:454910,두산로보틱스,0,0,0,0,1,0,0
krx:456250,krx:456250,KODEX 유럽명품TOP10 STOXX,0,0,0,0,0,0,1
krx:456600,krx:456600,TIME 글로벌AI인공지능액티브,0,1,0,1,0,0,0
krx:456680,krx:456680,TIGER 차이나전기차레버리지(합성),0,0,0,0,0,1,0
krx:457480,krx:457480,ACE 테슬라밸류체인액티브,0,1,0,1,0,0,0
krx:458730,krx:458730,TIGER 미국배당다우존스,0,0,0,1,0,0,0
krx:461340,krx:461340,HANARO 글로벌생성형AI액티브,0,1,0,1,0,0,0
krx:461910,krx:461910,PLUS 미국테크TOP10레버리지(합성),0,1,0,1,0,0,0
krx:462900,krx:462900,KoAct 바이오헬스케어액티브,0,0,0,0,1,0,0
krx:465580,krx:465580,ACE 미국빅테크TOP7 PLUS,0,1,0,1,0,0,0
krx:465610,krx:465610,ACE 미국빅테크TOP7 PLUS레버리지(합성),0,1,0,1,0,0,0
krx:466920,krx:466920,SOL 조선TOP3플러스,0,0,0,0,1,0,0
krx:472170,krx:472170,TIGER 미국테크TOP10채권혼합,0,1,0,1,0,0,0
krx:473460,krx:473460,KODEX 미국서학개미,0,1,0,1,0,0,0
krx:473590,krx:473590,ACE 미국주식베스트셀러,0,1,0,1,0,0,0
krx:474800,krx:474800,KIWOOM 미국원유에너지기업,0,0,0,1,0,0,0
krx:475350,krx:475350,RISE 버크셔포트폴리오TOP10,0,0,0,1,0,0,0
krx:476070,krx:476070,KODEX 글로벌비만치료제TOP2 PLUS,0,0,0,1,0,0,0
krx:481180,krx:481180,SOL 미국AI소프트웨어,0,0,0,1,0,0,0
krx:483320,krx:483320,ACE 엔비디아밸류체인액티브,1,1,0,1,0,0,0
krx:483330,krx:483330,ACE 마이크로소프트밸류체인액티브,0,1,0,1,0,0,0
krx:483340,krx:483340,ACE 구글밸류체인액티브,0,1,0,1,0,0,0
krx:483420,krx:483420,ACE 애플밸류체인액티브,0,1,0,1,0,0,0
krx:483570,krx:483570,KCGI 미국S&P500 TOP10,0,1,0,1,0,0,0
krx:485540,krx:485540,KODEX 미국AI테크TOP10,0,1,0,1,0,0,0
krx:487230,krx:487230,KODEX 미국AI전력핵심인프라,0,0,0,1,0,0,0
krx:487240,krx:487240,KODEX AI전력핵심설비,0,0,0,1,0,0,0
krx:488080,krx:488080,TIGER 반도체TOP10레버리지,1,0,0,0,1,0,0
krx:491010,krx:491010,TIGER 글로벌AI전력인프라액티브,0,0,0,0,0,0,1
krx:494310,krx:494310,KODEX 반도체레버리지,1,0,0,0,1,0,0
krx:494670,krx:494670,TIGER 조선TOP10,0,0,0,0,1,0,0
krx:496770,krx:496770,PLUS 글로벌방산,0,0,0,0,0,0,1
krx:530112,krx:530112,삼성 S&P500 TR ETN,0,0,0,1,0,0,0
LLY,LLY,일라이 릴리,0,0,0,1,0,0,0
MAGS,MAGS,ROUNDHILL MAGNIFICENT SEVEN,0,1,0,1,0,0,0
META,META,메타 플랫폼스(페이스북),0,1,0,1,0,0,0
MP,MP,MP 머티리얼스,0,0,0,1,0,0,0
MSCI,MSCI,MSCI,0,0,0,1,0,0,0
MSFT,MSFT,마이크로소프트,0,1,0,1,0,0,0
MSTR,MSTR,스트래티지,0,0,1,1,0,0,0
NFLX,NFLX,넷플릭스,0,0,0,1,0,0,0
NKE,NKE,나이키 B,0,0,0,1,0,0,0
NVDA,NVDA,엔비디아,1,1,0,1,0,0,0
NVO,NVO,노보노디스크(ADR),0,0,0,0,0,0,1
PICK,PICK,MSCI 글로벌 금속 및 광산 아이셰어즈 ETF,0,0,0,0,0,0,1
PLTR,PLTR,팔란티어 테크,0,0,0,1,0,0,0
PYPL,PYPL,페이팔 홀딩스,0,0,1,1,0,0,0
QQQ,QQQ,QQQ 인베스코 ETF,0,1,0,1,0,0,0
RACE,RACE,페라리,0,0,0,0,0,0,1
RDDT,RDDT,레딧,0,0,0,1,0,0,0
REMX,REMX,희토류 및 전략금속 반에크 ETF,0,0,0,0,0,0,1
RGTI,RGTI,리게티 컴퓨팅,0,0,0,1,0,0,0
SBUX,SBUX,스타벅스,0,0,0,1,0,0,0
SMH,SMH,반도체 반에크 ETF,1,0,0,1,0,0,0
SMR,SMR,뉴스케일 파워,0,0,0,1,0,0,0
SOXL,SOXL,미국 반도체 3배 디렉시온 ETF,1,0,0,1,0,0,0
SPYM,SPYM,STATE STREET SPDR PORTFOLIO S&P 500,0,0,0,1,0,0,0
TOPT,TOPT,ISHARES TOP 20 US STOCKS,0,1,0,1,0,0,0
TQQQ,TQQQ,QQQ 레버리지 3배 프로셰어즈 ETF,0,1,0,1,0,0,0
TSLA,TSLA,테슬라,0,1,0,1,0,0,0
TSM,TSM,TSMC(ADR),1,0,0,0,0,1,0
TTWO,TTWO,테이크 투 인터랙티브 소프트웨어,0,0,0,1,0,0,1
UNH,UNH,유나이티드헬스 그룹,0,0,0,1,0,0,1
V,V,비자,0,0,0,1,0,0,1
VEU,VEU,글로벌 중대형주 뱅가드 ETF,0,0,0,1,0,0,0
VT,VT,VANGUARD TOTAL WORLD STOCK,0,0,0,0,0,0,1
XLE,XLE,에너지 SPDR ETF,0,0,0,1,0,0,0
